{"cameraMode":{"drawMode":0,"name":"Shaded","section":"Shading Mode"},"sceneLighting":false,"audioPlay":false,"sceneViewState":{"m_AlwaysRefresh":false,"showFog":false,"showSkybox":false,"showFlares":false,"showImageEffects":false,"showParticleSystems":false,"showVisualEffectGraphs":true,"m_FxEnabled":true},"in2DMode":false,"pivot":{"x":0.004038900136947632,"y":0.8497670292854309,"z":0.01929706335067749},"rotation":{"x":0.1553386002779007,"y":0.019262077286839486,"z":-0.003029504558071494,"w":0.9876696467399597},"size":1.2603394985198975,"orthographic":false}